Username,Nama,Tweet
rin,@mindfreaaak,hidup sprti prabowo
ramli manaf,@manaf_ramli,"Jusuf Hamka Bernostalgia dengan Prabowo

#PrabowoUntukSemua
Prabowo Subianto"
Susiwo Bandy,@BandySusiwo,Obsesi Prabowo itu adalah menghadirkan kesejahteraan bagi seluruh rakyat Indonesia. #PesanPrabowo #UntukAnakIndonesia #PrabowoNeruskePakdhe #PrabowoNjagaKerukunan
sri susilawati,@srisusilawati52,"""Ya kalau menurut saya Pak Jokowi cenderung ke Pak Prabowo,"" tegasnya

#PrabowoUntukSemua
Prabowo Subianto"
jemangi pasaribu,@jemangi_p5454,Filosofi kepemimpinan seperti bengawan ini yang terus dihayati Prabowo hingga saat ini menjadi Ketua Umum Partai Gerindra dan juga Menteri Pertahanan. #PesanPrabowo #UntukAnakIndonesia #PrabowoNeruskePakdhe #PrabowoNjagaKerukunan
simbe,@bantdip,"Lu pada tolol yang dukung anies,prabowo,ganjar,jokowi dan partai partai sampe segitunya. Mereka aja dateng ke lu pada pas mau pemilu doang, mereka aja gaakan peduli lu mau mati kesengat lebah kek atau apalah. Lupada di sosmed saling hina, saling menjatuhkan"
sri susilawati,@srisusilawati52,"Di mata para budayawan Jawa Timur, Prabowo Subianto dinilai sosok yang cocok untuk melanjutkan kepemimpinan Presiden Joko Widodo.

#PrabowoUntukSemua
Prabowo Subianto"
MyBagaspati_NEW,@PasundanJunior,"Kalo ada penghargaan bertajuk politikus bunglon termunafik, Prabowo pasti juara!"
hae.jpeg,@haesuuuo,Hastag #nabilataqiyyah knpa isinyan prabowo semua yak
ramli manaf,@manaf_ramli,"Bahkan, Prabowo mengaku kelima program tersebut diupayakan bisa diperoleh seluruh rakyat secara gratis.

#PrabowoUntukSemua
Prabowo Subianto"
Asmat,@Asmat19125444,"Loyal ada maunya ,Tetap Ganjar pranowo ,gue Muak di belakang prabowo Ada Buntelan kentut yg selalu nyinyir sama pak Jokowi.
Masih ingat gak sama pantun dia"
inmon,@MinmonPS7,"Pak 
@prabowo
, kemiskinan & membeludaknya angkatan kerja yg menganggur bisa diatasi dng mendekatkan industri ke UMKM. Mari kita bahas. Tengok sj distributor pabrik2 sembako, pemodal semua. Penting u/ membuat aturan agar perusahaan gede2 itu memberi kesempatan UMKM jadi mitra,.."
