Username,Tweet
1668183853415149569,"b'RT @Demokrat_TV: ""Bonus demografi yang menyebabkan ledakan usia produktif tentu membutuhkan lapangan pekerjaan. oleh karena itu perlu capre\xe2\x80\xa6'"
1668183649664245760,"b'Dan 13,3 persen menjatuhkan pilihannya pada Anies,"" kata dia. #PrabowoUntukIndonesia #NeruskePakdhe Prabowo Subianto'"
1668184086505201664,b'RT @Jatayu_45: HARI INI ALUMNI ITB DEKLARASIKAN ANIES BASWEDAN SEBAGAI PRESIDEN 2024\n\n#NKRIDijarahRezimPKI\n#NKRIDijarahRezimPKI\n\xf0\x9f\x86\x98\xf0\x9f\x86\x97\n\nhttps:/\xe2\x80\xa6'
1668183603170385921,"b'RT @Yurissa_Samosir: karya anak bangsa yg mendunia dan Berprestasi..., Semoga setiap keringat dari para pekerja menjadi saksi,,...betapa he\xe2\x80\xa6'"
1668182799952801792,b'RT @JamalBoegis: Alumni ITB Dukung @aniesbaswedan Sebagai Presiden RI 2024. https://t.co/6nHl4WmJxQ'
1668183170951548929,"b'RT @Dennysiregar7: Sudah, sudah jangan berantem. Siapapun yang dipilih silahkan, bebas aja.\n\nKalo gak Ganjar, ya Pranowo.. https://t.co/FJE\xe2\x80\xa6'"
1668182836988514304,b'@Ganjaran_app @ganjar_pranowo 2024 pilihannya cukup pak Ganjar\n@Ganjaran_app @ganjarpranowo'
1668183140312178689,"b'RT @aniesmania: Polling terbuka Akbar Faisal Uncensored: 62,95% voters pilih Anies Baswedan! Jauh lebih unggul dari Prabowo dan Ganjar \xe2\x80\xbc\xef\xb8\x8f\xe2\x80\xa6'"
1668183759722811392,"b'RT @Yurissa_Samosir: Putri Ariani Menyanyikan Lagu ""INDONESIA RAYA "" Bersama  Bapak Anies Baswedan dan AHY di Acara Milad PKS https://t.co/\xe2\x80\xa6'"
1668184133590458368,"b'Elektabilitas Capres di Jawa Timur dengan simulasi tiga nama:\n1.Prabowo Subianto 43,5 persen.\n2. Ganjar Pranowo 38,5 persen.\n3. Anies Baswedan 12,8 persen.\nTidak Tahu/Undecided 5,2 persen.\n#PrabowoUntukIndonesia #NeruskePakdhe Prabowo Subianto'"
1668184023884259330,"b'Dia menjelaskan dalam simulasi 12 nama, Prabowo unggul 32,5 persen dari Ganjar Pranowo dengan perolehan 28,4 persen, disusul Anies Baswedan 12,4 persen. #PrabowoUntukIndonesia #NeruskePakdhe Prabowo Subianto'"
1668183721814654978,"b'Kemenangan tertinggi Prabowo di segmen tamat SD ke bawah, elektabilitasnya mencapai 56,4% dan Ganjar hanya 37,1%. \n#PrabowoUntukIndonesia #NeruskePakdhe \nPrabowo Subianto'"
1668184177869717506,b'4. Lembaga Fixpoll Research and Strategic\nHasil survei Lembaga Fixpoll Research and Strategic menunjukkan Prabowo Subianto menjadi capres yang paling diinginkan rakyat di Jawa Timur.\n#PrabowoUntukIndonesia #NeruskePakdhe Prabowo Subianto'
1668183795881869312,"b'Bukan tanpa sebab, hal ini di dukung oleh data kinerja dari Menteri Pertahanan Prabowo Subianto yang melakukan berbagai perubahan khususnya dibidang Pertahanan, udah Prabowo aja.'"
1668184135968620544,"b'LSI Denny JA juga memperkaya informasi dan analisa atas isu paling mutakhir dengan metode kualitatif, seperti analisis media, in depth interview, expert judgement, dan focus group discussion. \n#PrabowoUntukIndonesia #NeruskePakdhe \nPrabowo Subianto'"
1668183634904502273,"b'Karena selisih elektabilitas antara Prabowo (41,2 persen) dan Ganjar (40,8 persen) sangat tipis. #PrabowoUntukIndonesia #NeruskePakdhe Prabowo Subianto'"
1668183498254061568,"b'Posisi kedua disusul Gubernur Jateng Ganjar Pranowo dengan elektabilitas 32,8 persen dan di posisi ketiga ada mantan Gubernur Jakarta Anies Baswedan 21,9 persen.\n#PrabowoUntukIndonesia #NeruskePakdhe Prabowo Subianto'"
1668183584417648640,"b'Diketahui, hasil survei dari berbagi lembaga menunjukkan nama Prabowo Subianto menempati urutan pertama dibandingkan Bakal Calon Presiden (Bacapres) lainnya, seperti Ganjar Pranowo maupun Anies Baswedan.\n#PrabowoUntukIndonesia #NeruskePakdhe'"
1668183312722952193,b'@GeiszChalifah Yg ini nggak usah di perhatiin ...paling juga nggaj tahu funvsinya buat apa...suruh bikin sodetan aja nggak mau..malah bikin taman parkit air MBELGEDHE....https://t.co/GaNwkIbbI3'
1668183584417648640,"b'Diketahui, hasil survei dari berbagi lembaga menunjukkan nama Prabowo Subianto menempati urutan pertama dibandingkan Bakal Calon Presiden (Bacapres) lainnya, seperti Ganjar Pranowo maupun Anies Baswedan.\n#PrabowoUntukIndonesia #NeruskePakdhe'"
1668184187713765377,"b'RT @GeiszChalifah: Lagi - lagi gagasan, Anies Baswedan selalunya menaikan level agar pilpres meniadi kontestasi pikiran. \n\nhttps://t.co/ZO9\xe2\x80\xa6'"
1668183466553520128,"b'Anies Baswedan yang didukung Partai NasDem, Partai Demorat dan PKS, pun harus sabar.\n#PrabowoUntukIndonesia #NeruskePakdhe Prabowo Subianto'"
1668184033015259136,"b'Ganjar Pranowo 38,5 persen, dan Anies Baswedan 12,8 persen, sedangkan 5,2 persennya belum menentukan pilihan. #PrabowoUntukIndonesia #NeruskePakdhe Prabowo Subianto'"
1668183097966477315,b'RT @NasDem: Anies Baswedan menjadi orang Indonesia pertama yang diangkat menjadi anggota dewan Institute for ASEAN Studies yang merupakan b\xe2\x80\xa6'
1668183703225503744,"b'Saat Anies ikut pilpres, elektabilitas Prabowo tetap teratas dengan 33,9% atau unggul tipis atas Ganjar yang meraup 31,9%. \n#PrabowoUntukIndonesia #NeruskePakdhe \nPrabowo Subianto'"
1668183510476279810,b'Berdasarkan angka tersebut terlihat elektabilitas Prabowo terpaut sekitara tujuh persen dengan Ganjar Pranowo.\n#PrabowoUntukIndonesia #NeruskePakdhe Prabowo Subianto'
1668182601910345729,"b'Sementara, Ganjar Pranowo menempati posisi kedua dengan elektabilitas sebesar 32,8%. #PrabowoUntukIndonesia #NeruskePakdhe Prabowo Subianto'"
1668183728676540418,"b'yaitu Menteri Pertahanan yang juga Ketua Umum Partai Gerindra Prabowo Subianto, \n#SemuaDukungPrabowo\n#NeruskePakdhe'"
1668184128381132801,"b'Sementara itu, Ganjar Pranowo berada di posisi kedua dengan angka 31,9 persen.\n#PrabowoUntukIndonesia #NeruskePakdhe Prabowo Subianto'"
1668183734741512192,"b'Yakni Jawa Barat, Sumatera Utara, dan Banten, sedangkan Ganjar menang di dua provinsi, yakni Jawa Tengah dan Jawa Timur. \n#PrabowoUntukIndonesia #NeruskePakdhe \nPrabowo Subianto'"
1668183442163638275,"b'Sungguh di luar dugaan, kini Prabowo meninggali dua kandidat bacapres lainnya seperti Ganjar Pranowo dan Anies Baswedan.\n#PrabowoUntukIndonesia #NeruskePakdhe Prabowo Subianto'"
1668183238005911552,"b'RT @Yurissa_Samosir: Putri Ariani Menyanyikan Lagu ""INDONESIA RAYA "" Bersama  Bapak Anies Baswedan dan AHY di Acara Milad PKS https://t.co/\xe2\x80\xa6'"
1668184127072538624,"b'""Prabowo menang di segmen Islam, Ganjar menang di segmen non-Islam. \n#PrabowoUntukIndonesia #NeruskePakdhe \nPrabowo Subianto'"
1668184165299392512,b'muka.\n#PrabowoUntukIndonesia #NeruskePakdhe Prabowo Subianto'
1668183095345053696,b'RT @JamalBoegis: Alumni ITB Dukung @aniesbaswedan Sebagai Presiden RI 2024. https://t.co/6nHl4WmJxQ'
1668183737161637888,"b'Kemenangan Prabowo paling tinggi di Banten dengan elektabilitas sebesar 82,2% sedangkan Ganjar 16,9%.\n#PrabowoUntukIndonesia #NeruskePakdhe \nPrabowo Subianto'"
1668182746378944514,b'Ganjar Pranowo sosok Pemimpin yg Paling Ideal Melanjutkan Kesuksesan Pembangunan Pak Jokowi. Ayo bersama dukung Ganjar untuk Pimpin Negeri ini #GanjarCapres #GanjarPranowo2024 #GanjarUntukIndonesia https://t.co/zFuR1ZeQj7'
1668184221398228993,"b'RT @UusRsd: Apapun warna politiknya &amp; siapapun nanti capresnya; yg baru, yg lama atau yg abadi, presidennya Anies Baswedan\xf0\x9f\x98\x89\n\n#AniesPresiden\xe2\x80\xa6'"
1668183581649440769,"b'Kemudian 32,8 persen responden memilih Ganjar Pranowo, dan 21,9 persen responden memilih Anies Baswedan. #PrabowoUntukIndonesia #NeruskePakdhe Prabowo Subianto'"
1668183414103748609,"b'RT @Dennysiregar7: Sudah, sudah jangan berantem. Siapapun yang dipilih silahkan, bebas aja.\n\nKalo gak Ganjar, ya Pranowo.. https://t.co/FJE\xe2\x80\xa6'"
1668184082281549829,"b'Adapun Anies, cenderung turun,"" kata Peneliti Indikator Politik Indonesia Burhanuddin Muhtadi dalam pemaparannya secara virtual, Minggu, (4/6/2023).\n#PrabowoUntukIndonesia #NeruskePakdhe Prabowo Subianto'"
1668183654844211200,"b'RT @GeiszChalifah: Anies belum menjadi menteri belum menjadi Gubernur, bukan pejabat negara. 7 penghargaan dunia dia raih.  \nKasih gue pemb\xe2\x80\xa6'"
1668182630012182528,"b'Sementara, elektabilitas Ganjar Pranowo menunjukkan tren peningkatan yang kecil, bahkan cenderung stagnan. #PrabowoUntukIndonesia #NeruskePakdhe Prabowo Subianto'"
1668183645277016064,"b'Kemudian sebanyak 40,8 persen responden menyatakan memilih Ganjar, #PrabowoUntukIndonesia #NeruskePakdhe Prabowo Subianto'"
1668182757699358720,b'RT @triwul82: Ganjar Pranowo\xc2\xa0menyampaikan agar relawan santun dalam berkampanye.\nPesan Ganjar agar santun dan menghindari isu sara dalam be\xe2\x80\xa6'
1668184139563175936,"b'Pada Januari 2023, elektabilitas Ganjar Pranowo sempat mencapai 37 persen dan kini tergerus menjadi 31,9 persen.\n#PrabowoUntukIndonesia #NeruskePakdhe Prabowo Subianto'"
1668183166409113602,b'Daya pincut ganjar Pranowo luar biasa. Bikin byk partai terpesona...\n\n#TaleOfTheNineTailed1938Ep12 #earthquake \nLee Rang SMini Aurel Fakta Tasyi https://t.co/Tb6zVD2pix'
1668183455535099904,b'RT @Jatayu_45: ANIES BASWEDAN SEMAKIN DICINTAI WARGA INDONESIA....\xe2\x80\xbc\xef\xb8\x8f\n\n#NKRIDijarahRezimPKI\n#NKRIDijarahRezimPKI\n\xf0\x9f\x86\x98\xf0\x9f\x86\x97 https://t.co/TcWfdlJj1X'
1668182785390178305,b'RT @idtodayco: Anies Baswedan: Jabar Lumbung Suara Nasional Menyongsong Kemenangan Pemilu 2024\nhttps://t.co/CssbPa9yYK'
1668183740051513349,b'RT @1_devout: PRABOWO SUBIANTO TOLAK SUAP Rp 654 MILIAR DAN SELAMATKAN UANG NEGARA Rp 20 TRILIUN\n\n            \xe2\x80\xa2\xe2\x80\xa2\xc2\xb0\xc2\xb0\xe2\x80\xa2\xe2\x80\xa2 A THREAD \xe2\x80\xa2\xe2\x80\xa2\xc2\xb0\xc2\xb0\xe2\x80\xa2\xe2\x80\xa2 https:\xe2\x80\xa6'
1668184139563175936,"b'Pada Januari 2023, elektabilitas Ganjar Pranowo sempat mencapai 37 persen dan kini tergerus menjadi 31,9 persen.\n#PrabowoUntukIndonesia #NeruskePakdhe Prabowo Subianto'"
1668184115584315394,b'Dalam hasil survei terbaru Lingkaran Survei Indonesia (LSI) Denny JA elektabilitas Prabowo Subianto unggul dari Ganjar Pranowo dan Anies Baswedan.\n#PrabowoUntukIndonesia #NeruskePakdhe Prabowo Subianto'
1668183618819334144,"b'Sedangkan Anies Baswedan berjaya di satu provinsi saja yakni DKI Jakarta, sebesar 40,3 persen. #PrabowoUntukIndonesia #NeruskePakdhe Prabowo Subianto'"
1668183657172058113,"b""RT @MichelAdam7__: Anies top! Pilih Anies!\n\nIngin Pemimpin Yang Berani, Putra Bung Tomo: 'Ganjar Pranowo Belum Pernah Bicara Keadilan dan K\xe2\x80\xa6"""
1668184094608625666,"b'RT @tvOneNews: Bukan Anies Baswedan, Justru Prabowo Subianto Sosok yang Cocok Jadi Presiden kata Fahri Hamzah, Gegara Ini.. https://t.co/QV\xe2\x80\xa6'"
1668183686632857600,b'Prabowo Subianto unggul atas Ganjar Pranowo jika Anies Baswedan gagal mendapatkan tiket maju sebagai calon presiden (capres) di Pilpres 2024. \n#PrabowoUntukIndonesia #NeruskePakdhe \nPrabowo Subianto'
1668183848981774336,"b'RT @Urrangawak: Horas..! \nBoha kabar, Medan..?\n\nSelepas menghadiri konsolidasi partai,  capres PDIP Ganjar Pranowo\xc2\xa0sowan ke tokoh Nahdlatul\xe2\x80\xa6'"
1668184157707698176,"b'Sebagai informasi, survei LSI Denny JA melibatkan 1.200 responden di seluruh Indonesia dengan rentang usia responden 17 tahun ke atas atau sudah menikah.\n#PrabowoUntukIndonesia #NeruskePakdhe Prabowo Subianto'"
1668184194093318145,b'RT @Urrangawak: Alasan utama kita jadi pendukung Pak Ganjar pranowo adalah beliau tegas menolak kelompok penggadai ideologi negeri ini..\n\nT\xe2\x80\xa6'
1668183715120562177,"b'Jika didetailkan lebih dalam, kemenangan Prabowo atas Ganjar paling tinggi di segmen pendapatan di bawah Rp2 juta per bulan. \n#PrabowoUntukIndonesia #NeruskePakdhe \nPrabowo Subianto'"
1668184101076209664,b'Periode survei ini dilakukan pada 26-30 Mei 2023 dengan pemilihan sampel melalui metode RRD (Random Digit Dialing)\n#PrabowoUntukIndonesia #NeruskePakdhe Prabowo Subianto'
1668182762673827840,"b'RT @tempodotco: Pejuang ABW, melakukan deklarasi pengurus tingkat kecamatan se-Kota Depok, Ahad, 11 Juni 2023. Dengan tagline: Bersatu Meme\xe2\x80\xa6'"
1668184182777073664,"b'Elektabilitas Prabowo melambung hingga 35,8 persen.\n#PrabowoUntukIndonesia #NeruskePakdhe Prabowo Subianto'"
1668183805612675072,b'RT @RomitsuT: Putri Ariani dari kecil sudah dikagumi oleh Anies Baswedan loh mas Ganjar....selama ini kemane saja ? \nKetenaran Putri jangan\xe2\x80\xa6'
1668183623881883648,b'RT @GeiszChalifah: Dia belum jadi Menteri belum jadi Gubernur. Bukan pejabat negara. 7 penghargaan Int dia raih. \nBerikan pembandingnya saj\xe2\x80\xa6'
1668184033015259136,"b'Ganjar Pranowo 38,5 persen, dan Anies Baswedan 12,8 persen, sedangkan 5,2 persennya belum menentukan pilihan. #PrabowoUntukIndonesia #NeruskePakdhe Prabowo Subianto'"
1668183873870757888,"b'RT @Yurissa_Samosir: karya anak bangsa yg mendunia dan Berprestasi..., Semoga setiap keringat dari para pekerja menjadi saksi,,...betapa he\xe2\x80\xa6'"
1668184196559548417,b'@Mdy_Asmara1701 Semua akan Ganjar Pranowo pada waktunya'
1668184128381132801,"b'Sementara itu, Ganjar Pranowo berada di posisi kedua dengan angka 31,9 persen.\n#PrabowoUntukIndonesia #NeruskePakdhe Prabowo Subianto'"
1668183700721524737,b'Ade menjelaskan ada kenaikan selisih suara jika Prabowo hanya berhadap-hadapan dengan Ganjar dibanding ketika Anies Baswedan ikut bertarung. \n#PrabowoUntukIndonesia #NeruskePakdhe \nPrabowo Subianto'
1668183712398462978,"b'Sebesar 50,8% pendukung Anies berpindah ke Prabowo. Sementara pendukung Anies yang berpindah ke Ganjar hanya separuhnya 25,4%. \n#PrabowoUntukIndonesia #NeruskePakdhe \nPrabowo Subianto'"
1668183533133651970,"b'RT @OposisiCerdas: Putra Bung Tomo: Ganjar Pranowo Jangan Jadi Pemimpin, Kalau Tidak Berani Lawan Korupsi\nhttps://t.co/AShTDvItDD'"
1668182733150126081,"b'RT @Yurissa_Samosir: Putri Ariani Menyanyikan Lagu ""INDONESIA RAYA "" Bersama  Bapak Anies Baswedan dan AHY di Acara Milad PKS https://t.co/\xe2\x80\xa6'"
1668182902390276097,b'Ganjar Pranowo sosok Pemimpin yg Paling Ideal Melanjutkan Kesuksesan Pembangunan Pak Jokowi. Ayo bersama dukung Ganjar untuk Pimpin Negeri ini #GanjarCapres #GanjarPranowo2024 #GanjarUntukIndonesia https://t.co/KqEKH1hEQs'
1668183548220817409,"b'ini baru pemimpin ku, kelola budaya sekalian mengelola lingkungan, top pokoknya Ganjar Pranowo https://t.co/CTH21yTaco'"
1668182598689103872,b'@Ganjaran_app @ganjar_pranowo bismillah pak Ganjar 2024\n@Ganjaran_app @ganjarpranowo'
1668184023884259330,"b'Dia menjelaskan dalam simulasi 12 nama, Prabowo unggul 32,5 persen dari Ganjar Pranowo dengan perolehan 28,4 persen, disusul Anies Baswedan 12,4 persen. #PrabowoUntukIndonesia #NeruskePakdhe Prabowo Subianto'"
1668183778819469312,b'dan mantan Gubernur DKI Jakarta Anies Baswedan.\n#SemuaDukungPrabowo\n#NeruskePakdhe'
1668183110608101376,b'RT @democrazymedia: Survei LSN: Nyaris 100 Persen Pemilih Beragama Islam Dukung Anies Baswedan\nhttps://t.co/NpjQLgmasS'
1668183686632857600,b'Prabowo Subianto unggul atas Ganjar Pranowo jika Anies Baswedan gagal mendapatkan tiket maju sebagai calon presiden (capres) di Pilpres 2024. \n#PrabowoUntukIndonesia #NeruskePakdhe \nPrabowo Subianto'
1668183175317843971,"b'RT @Yurissa_Samosir: Putri Ariani Menyanyikan Lagu ""INDONESIA RAYA "" Bersama  Bapak Anies Baswedan dan AHY di Acara Milad PKS https://t.co/\xe2\x80\xa6'"
1668182706541457409,b'Ganjar Pranowo sosok Pemimpin yg Paling Ideal Melanjutkan Kesuksesan Pembangunan Pak Jokowi. Ayo bersama dukung Ganjar untuk Pimpin Negeri ini #GanjarCapres #GanjarPranowo2024 #GanjarUntukIndonesia https://t.co/KruWHkrGdw'
1668182520498909184,"b'RT @temponewsroom: Alih-alih mendukung Ganjar Pranowo, Jokowi kian condong menyokong Prabowo Subianto. Tersulut perjanjian Batutulis. #Maja\xe2\x80\xa6'"
1668182668155158529,b'RT @__wantaNKRI: Moment spesial saat Ganjar Pranowo datang ke Medan. Bacapres 2024 @PDI_Perjuangan disambut tarian Tor-Tor yg ditarikan ana\xe2\x80\xa6'
1668183055029391362,b'RT @RomitsuT: Putri Ariani dari kecil sudah dikagumi oleh Anies Baswedan loh mas Ganjar....selama ini kemane saja ? \nKetenaran Putri jangan\xe2\x80\xa6'
1668184067769237504,"b'Sementara yang tidak tahu atau tidak menjawab 8,8 persen.\n#PrabowoUntukIndonesia #NeruskePakdhe Prabowo Subianto'"
1668183698427244547,b'RT @P3n99u94t: RIBUAN WARGA NYATAKAN DUKUNGAN UNTUK ANIES BASWEDAN DI GOR CIRACAS....\xe2\x80\xbc\xef\xb8\x8f\n\n#RakyatTolakPemiluTertutup\n#RakyatTolakPemiluTertu\xe2\x80\xa6'
1668183709898657793,"b'Menurutnya, peningkatan elektabilitas Prabowo ketika head to head dengan Ganjar karena mayoritas pendukung Anies lebih banyak berpindah ke Prabowo dibanding migrasi ke Ganjar. \n#PrabowoUntukIndonesia #NeruskePakdhe \nPrabowo Subianto'"
1668182638086225921,b'RT @Jatayu_45: SUDAH TERANG TERANGAN ANIES BASWEDAN TIDAK AKAN MENERUSKAN PROGRAM JOKOWI YANG BERMASALAH....\xe2\x80\xbc\xef\xb8\x8f\n\n#RakyatTolakPemiluTertutup\xe2\x80\xa6'
1668183154618929152,"b""RT @MichelAdam7__: Anies top! Pilih Anies!\n\nIngin Pemimpin Yang Berani, Putra Bung Tomo: 'Ganjar Pranowo Belum Pernah Bicara Keadilan dan K\xe2\x80\xa6"""
1668184133590458368,"b'Elektabilitas Capres di Jawa Timur dengan simulasi tiga nama:\n1.Prabowo Subianto 43,5 persen.\n2. Ganjar Pranowo 38,5 persen.\n3. Anies Baswedan 12,8 persen.\nTidak Tahu/Undecided 5,2 persen.\n#PrabowoUntukIndonesia #NeruskePakdhe Prabowo Subianto'"
1668183546576642049,"b'Kemudian, kata Gema, capres dari PDI Perjuangan, Ganjar Pranowo yang berada di urutan kedua dengan elektabilitas sebesar 18,5 persen. #PrabowoUntukIndonesia #NeruskePakdhe Prabowo Subianto'"
1668184120076414977,"b'RT @AndikaP871: ""Dukungan untuk Ganjar Pranowo semakin kuat untuk membangun Indonesia lebih baik""\n\n#JENNIE #idolyfepanaroma \nEXO BENERAN CO\xe2\x80\xa6'"
1668183590595883008,b'RT @JamalBoegis: Alumni ITB Dukung @aniesbaswedan Sebagai Presiden RI 2024. https://t.co/6nHl4WmJxQ'
1668184094608625666,"b'RT @tvOneNews: Bukan Anies Baswedan, Justru Prabowo Subianto Sosok yang Cocok Jadi Presiden kata Fahri Hamzah, Gegara Ini.. https://t.co/QV\xe2\x80\xa6'"
1668184034835578881,"b'Selanjutnya simulasi dua nama head to head antara Prabowo dan Ganjar dengan perolehan 48,2 persen banding 39,3 persen. #PrabowoUntukIndonesia #NeruskePakdhe Prabowo Subianto'"
1668184180990316546,"b'RT @Malika6027: Orang baik tidak akan berjuang sendiri, terbukti hampir 100% umat Islam mendukung Anies Baswedan.\n\nJika benar, Sesungguhnya\xe2\x80\xa6'"
1668183693838659584,"b'Terdapat selisih suara yang cukup besar antarkeduanya yakni 7,2%. #PrabowoUntukIndonesia #NeruskePakdhe Prabowo Subianto'"
1668182659435204614,b'RT @Yurissa_Samosir: Nyobain Joging Track 1.8 KM di Stadion JIS....karya anak bangsa yg keren sudah jelas kepemimpinannya Bapak Anies Baswe\xe2\x80\xa6'
1668183629179273216,"b'Bukan tanpa sebab, hal ini di dukung oleh data kinerja dari Menteri Pertahanan Prabowo Subianto yang melakukan berbagai perubahan khususnya dibidang Pertahanan, udah Prabowo aja.'"
1668183698506907649,"b'""Head to head Prabowo versus Ganjar, menempatkan Prabowo sebagai pemenang dengan selisih 7,2%,"" ujar Direktur CPA-LSI Denny JA Ade Mulyana dalam rilis hasil survei, Senin (5/6/2023). \n#PrabowoUntukIndonesia #NeruskePakdhe \nPrabowo Subianto'"
1668183607691853824,"b'""Ganjar Pranowo unggul di Jawa Tengah, di provinsi di mana PDI Perjuangan selalu merajalela. #PrabowoUntukIndonesia #NeruskePakdhe Prabowo Subianto'"
1668182678666100737,b'RT @Yurissa_Samosir: Pak Anies Baswedan Menghadiri Acara halal bihalal pada hari ini Minggu 11 Juni 2023 si GOR Pajajaran Kota Bogor dan di\xe2\x80\xa6'
1668183665929764864,"b'RT @RstmBcl: Bagaimana ini Nasdem kader pada ngamuk, kelihatanya tak suka dg mengusung Pak Anies Baswedan\nKan udah nyata Pak @ganjarpranowo\xe2\x80\xa6'"
1668184079588790273,"b'RT @YuliSugiyanto06: Dalam Haul Bung Karno Teman Ganjar membentuk Tim Hukum utk mengantisipasi Kampanye Negatif, Hoax, Fitnah &amp; Kejahatan P\xe2\x80\xa6'"
1668183984533286916,"b'RT @HidayatNatari: Atang;\n""Insya Allah target kami di Pilpres 2024 ini 80 persen untuk Pak Anies Baswedan. Mudah-mudahan ini bisa tercapai\xe2\x80\xa6'"
1668183553434320896,b'RT @GeiszChalifah: Dia belum jadi Menteri belum jadi Gubernur. Bukan pejabat negara. 7 penghargaan Int dia raih. \nBerikan pembandingnya saj\xe2\x80\xa6'
1668184056759218176,"b'1. Prabowo Subianto 32,5 persen.\n2. Ganjar Pranowo 28,4 persen.\n3. Anies Baswedan 12,4 persen.\n#PrabowoUntukIndonesia #NeruskePakdhe Prabowo Subianto'"
1668183177473724417,b'RT @AzharNarendra: Daya pincut ganjar Pranowo luar biasa. Bikin byk partai terpesona...\n\n#TaleOfTheNineTailed1938Ep12 #earthquake \nLee Rang\xe2\x80\xa6'
1668184122660110336,"b'Dalam survei yang dilakukan pada 3 Mei sampai 14 Mei 2023 itu, Prabowo mengantongi elektabilitas 33,9 persen.\n#PrabowoUntukIndonesia #NeruskePakdhe Prabowo Subianto'"
1668184192205856769,"b'Prabowo unggul atas Gubernur Jawa Tengah Ganjar Pranowo yang menempati urutan kedua dengan perolehan 30,3 persen yang disusul Mantan Gubernur DKI Jakarta dengan suara 10,5 persen.\n#PrabowoUntukIndonesia #NeruskePakdhe Prabowo Subianto'"
1668182768180658179,b'RT @Dennysiregar7: Lah kok melupakan kawan ?\n\nCokroTV itu saluran bebas beropini aja. Berbeda pendapat sampe berantem juga pernah disana. T\xe2\x80\xa6'
1668183818040377344,b'RT @Dew0W1snu: Ada yang tau partai warna keemasan yang akan ikut mendukung pak Ganjar Pranowo? \n\nKatanya sudah deklarasi tapi belum secara\xe2\x80\xa6'
1668184020155510786,"b'Hasilnya, elektabilitas Prabowo Subianto unggul di Jatim, baik simulasi 12 nama, tiga nama, hingga head to head melawan Ganjar Pranowo. #PrabowoUntukIndonesia #NeruskePakdhe Prabowo Subianto'"
1668183931114631168,"b'RT @AndikaP871: ""Dukungan untuk Ganjar Pranowo semakin kuat untuk membangun Indonesia lebih baik""\n\n#JENNIE #idolyfepanaroma \nEXO BENERAN CO\xe2\x80\xa6'"
1668182934254419968,b'RT @HmfaqihA: Sejak kapan Anies Baswedan diangkat jadi Presiden RI ?\nPKS panggil Anies Baswedan dgn sebutan Presiden Republik Indonesia.\nAp\xe2\x80\xa6'
1668184115584315394,b'Dalam hasil survei terbaru Lingkaran Survei Indonesia (LSI) Denny JA elektabilitas Prabowo Subianto unggul dari Ganjar Pranowo dan Anies Baswedan.\n#PrabowoUntukIndonesia #NeruskePakdhe Prabowo Subianto'
1668184172501020672,b'Margin of error survei diperkirakan \xc2\xb1 2.9 persen pada tingkat kepercayaan 95 persen.\n#PrabowoUntukIndonesia #NeruskePakdhe Prabowo Subianto'
1668182681048485888,b'RT @inilahdotcom: Tersebar video yang menayangkan pertemuan bakal calon presiden (bacapres) PDIP Ganjar Pranowo dengan sejumlah pengusaha J\xe2\x80\xa6'
1668183972705370113,"b'RT @Yurissa_Samosir: Ikrar Pemenangan Anies Baswedan Bersama Partai PKS Kalimantan Timur, Samarinda https://t.co/rs5DZWJP2l'"
1668184133837934592,"b'Survei yang digelar LSI Denny JA juga mengungkapkan, untuk pertama kalinya elektabilitas Ganjar Pranowo mengalami penurunan dalam satu tahun.\n#PrabowoUntukIndonesia #NeruskePakdhe Prabowo Subianto'"
1668184178368856064,"b'RT @hc_poirot: ""Suharso Monoarfa diberhentikan sebagai ketua umum partai. Ketika saya bertanya kepada seorang kader utama PPP kenapa Suhars\xe2\x80\xa6'"
1668184041995251714,"b'""Secara spontan sebanyak 24,9 persen responden di Jatim memilih Prabowo Subianto. #PrabowoUntukIndonesia #NeruskePakdhe Prabowo Subianto'"
1668184054947270656,"b'Berikut elektabilitas Capres di Jawa Timur dengan simulasi 12 nama: Lembaga survei Surabaya SRS merilis hasil survei elektabilitas capres di Jawa Timur periode Mei 2023, begini hasilnya. #PrabowoUntukIndonesia #NeruskePakdhe Prabowo Subianto'"
1668183724033470465,"b'Sementara kemenangan tertinggi Ganjar di segmen tamat SMA sederajat yang mencapai 47,7% dan Prabowo 45,4%. \n#PrabowoUntukIndonesia #NeruskePakdhe \nPrabowo Subianto'"
1668184027550089217,"b'Khofifah Indar Parawansa, Airlangga Hartarto, Moeldoko, Muhaimin Iskandar angkanya di bawah lima persen. #PrabowoUntukIndonesia #NeruskePakdhe Prabowo Subianto'"
1668182603428691969,b'RT @__wantaNKRI: Saat Ganjar Pranowo datang di Provinsi Sumatera Utara disambut ribuan orang dari berbagai elemen masyarakat baik dari part\xe2\x80\xa6'
1668184107627724801,b'sampel sebanyak 1.230 responden.\n#PrabowoUntukIndonesia #NeruskePakdhe Prabowo Subianto'
1668182638237200386,"b'Sebaliknya, Anies Baswedan justru terus menunjukkan penurunan elektabilitas. #PrabowoUntukIndonesia #NeruskePakdhe Prabowo Subianto'"
1668183542088732672,"b""RT @MichelAdam7__: Anies top! Pilih Anies!\n\nIngin Pemimpin Yang Berani, Putra Bung Tomo: 'Ganjar Pranowo Belum Pernah Bicara Keadilan dan K\xe2\x80\xa6"""
1668184145863016449,"b'Urutan ketiga ada Anies Baswedan dengan elektabilitas sebesar 20,8 persen.\n#PrabowoUntukIndonesia #NeruskePakdhe Prabowo Subianto'"
1668184178893135872,"b'RT @P3n99u94t: PENDIRI PAN, BOROK APA YANG DISEMBUNYIKAN SEHINGGA BEGITU TAKUT BILA ANIES BASWEDAN JADI PRESIDEN....\xe2\x81\x89\xef\xb8\x8f\n\n#NKRIDijarahRezimPK\xe2\x80\xa6'"
1668183141973127168,b'RT @idtodayco: Anies Baswedan: Jabar Lumbung Suara Nasional Menyongsong Kemenangan Pemilu 2024\nhttps://t.co/CssbPa9yYK'
1668184045698838528,"b'""Isu-isu negatif yang diekspos lawan politik tidak efektif memengaruhi opini publik pada sosok Prabowo. #PrabowoUntukIndonesia #NeruskePakdhe Prabowo Subianto'"
1668183498254061568,"b'Posisi kedua disusul Gubernur Jateng Ganjar Pranowo dengan elektabilitas 32,8 persen dan di posisi ketiga ada mantan Gubernur Jakarta Anies Baswedan 21,9 persen.\n#PrabowoUntukIndonesia #NeruskePakdhe Prabowo Subianto'"
1668184031106850816,"b'Kemudian pada simulasi tiga nama, elektabilitas Prabowo Subianto makin tinggi dengan perolehan suara 43,5 persen, #PrabowoUntukIndonesia #NeruskePakdhe Prabowo Subianto'"
1668184018238722053,b'SURABAYA - Lembaga survei Surabaya Research Syndicate (SRS) merilis hasil survei elektabilitas capres di Jawa Timur periode Mei 2023. #PrabowoUntukIndonesia #NeruskePakdhe Prabowo Subianto'
1668183778806882305,b'RT @StefanAntonio__: .\n.\nKalau Mas AHY jargonnya S1AP ..\nAnies ini mungkin jargonnya S1AL ya ??!!\n\nSemenjak NasDem mendeklarasikan mendukun\xe2\x80\xa6'
1668183739313295360,"b'Adapun kemenangan Ganjar paling tinggi di di Jawa Tengah, dengan elektabilitas mencapai 80,6% dan Prabowo 17,8%. \n#PrabowoUntukIndonesia #NeruskePakdhe \nPrabowo Subianto'"
1668182824804048896,b'RT @RomitsuT: Putri Ariani dari kecil sudah dikagumi oleh Anies Baswedan loh mas Ganjar....selama ini kemane saja ? \nKetenaran Putri jangan\xe2\x80\xa6'
1668183641246285824,b'RT @RaraLovie: @RurouniKingtuk @aniesbaswedan Sekilas mirip majalah tempo beneran . \nBagi yg blm tau itu adalah hoax dari Neo PKI . \n\nhttps\xe2\x80\xa6'
1668182714191863808,b'@Ganjaran_app @ganjar_pranowo cukup satu putaran untuk pak Ganjar\n@Ganjaran_app @ganjarpranowo'
1668183707688251393,"b'Selisih kemenangan Prabowo atas Ganjar naik, dari selisih 2,0% menjadi selisih 7,2%,"" kata Ade. \n#PrabowoUntukIndonesia #NeruskePakdhe \nPrabowo Subianto'"
1668183656849113088,b'seluruh lapisan masyarakat Indonesia mendukung Ganjar Pranowo untuk menjadi Presiden RI 2024 https://t.co/F7zb45eN3B'
1668183691645059072,"b'Berdasarkan hasil survei LSI Denny JA, jika terjadi head to head, elektabilitas Prabowo mencapai 50,4%, sementara Ganjar Pranowo 43,2%. \n#PrabowoUntukIndonesia #NeruskePakdhe \nPrabowo Subianto'"
1668182587469344768,"b'Ketua Umum Partai Gerindra itu berada di posisi teratas, disusul Ganjar Pranowo dan Anies Baswedan. #PrabowoUntukIndonesia #NeruskePakdhe Prabowo Subianto'"
1668183329697574912,b'RT @RurouniKingtuk: @aniesbaswedan  kembali difitnah oleh Neo PKI .\nGaya mereka tak berbeda dg moyang mereka. \n\nSebuah berkas diklaim sebag\xe2\x80\xa6'
1668183691645059072,"b'Berdasarkan hasil survei LSI Denny JA, jika terjadi head to head, elektabilitas Prabowo mencapai 50,4%, sementara Ganjar Pranowo 43,2%. \n#PrabowoUntukIndonesia #NeruskePakdhe \nPrabowo Subianto'"
1668183305441939456,b'@aniesbaswedan PRESIDEN RI 2024\xf0\x9f\x87\xb2\xf0\x9f\x87\xa8\xf0\x9f\x87\xb2\xf0\x9f\x87\xa8\xf0\x9f\x87\xb2\xf0\x9f\x87\xa8\nAnies Baswedan'
1668184061058363399,"b'Kemudian disusul Ganjar Pranowo 34,2 persen dan Anies Baswedan 18,9 persen.\n#PrabowoUntukIndonesia #NeruskePakdhe Prabowo Subianto'"
1668184076430495745,"b'""Untuk tren dukungan dengan simulasi tiga nama yakni Prabowo, Ganjar, dan Anies, dua nama pertama cukup mengalami kenaikan.\n#PrabowoUntukIndonesia #NeruskePakdhe Prabowo Subianto'"
1668183986810781696,b'RT @inilahdotcom: Tersebar video yang menayangkan pertemuan bakal calon presiden (bacapres) PDIP Ganjar Pranowo dengan sejumlah pengusaha J\xe2\x80\xa6'
1668182729069035525,"b'RT @triwul82: Ganjar Pranowo mengunjungi pondok pesantren al Kautsar\nal Akbar, Medan.\nPada kesempatan itu Ganjar dipakaikan kain Raja\nUlos\xe2\x80\xa6'"
1668183624259350528,"b'""DKI Jakarta merupakan satu-satunya provinsi yang lepas dari dominasi Prabowo maupun Ganjar,"" kata Gema. #PrabowoUntukIndonesia #NeruskePakdhe Prabowo Subianto'"
1668182675826569222,"b'RT @harianganjar: Dukungan makin banyak, relawan bertumbuh bak jamur. Semoga ini pertanda awal menangnya Ganjar Pranowo di Pilpres 2024. ht\xe2\x80\xa6'"
1668184020155510786,"b'Hasilnya, elektabilitas Prabowo Subianto unggul di Jatim, baik simulasi 12 nama, tiga nama, hingga head to head melawan Ganjar Pranowo. #PrabowoUntukIndonesia #NeruskePakdhe Prabowo Subianto'"
1668184001138524161,b'RT @JarnasABWBpn: Koalisi Perubahan Tetap Solid Usung Anies di Pilpres 2024! \n\nYesss kami pun tetap solid mendukung Anies Baswedan \xf0\x9f\xa5\xb0\n\nhttps\xe2\x80\xa6'
1668184208815312896,b'RT @GeiszChalifah: Dia belum jadi Menteri belum jadi Gubernur. Bukan pejabat negara. 7 penghargaan Int dia raih. \nBerikan pembandingnya saj\xe2\x80\xa6'
1668182632755245056,"b'RT @HidayatNatari: Atang;\n""Insya Allah target kami di Pilpres 2024 ini 80 persen untuk Pak Anies Baswedan. Mudah-mudahan ini bisa tercapai\xe2\x80\xa6'"
1668182718352609284,b'Ganjar Pranowo sosok Pemimpin yg Paling Ideal Melanjutkan Kesuksesan Pembangunan Pak Jokowi. Ayo bersama dukung Ganjar untuk Pimpin Negeri ini #GanjarCapres #GanjarPranowo2024 #GanjarUntukIndonesia https://t.co/15VpJaW2bk'
1668184016116396032,"b'Survei Capres 2 Nama di Jatim Versi SRS, Prabowo Unggul Jauh dari Ganjar\nhttps://t.co/xgzmKbK52H\n#PrabowoUntukIndonesia #NeruskePakdhe Prabowo Subianto'"
1668183399524372480,"b""RT @democrazymedia: Ingin Pemimpin Yang Berani, Putra Bung Tomo: 'Ganjar Pranowo Belum Pernah Bicara Keadilan dan Komitmen Antikorupsi'\nhtt\xe2\x80\xa6"""
1668184040204308481,"b'""Secara spontan sebanyak 24,9 persen responden di Jatim memilih Prabowo Subianto. #PrabowoUntukIndonesia #NeruskePakdhe Prabowo Subianto'"
1668183623923818496,"b'""Target yang kita garap, sekitar  15 ribu sampai 20 ribu suara. Insyallah optimis (menang), ""imbuh Tunjung.\n#PrabowoUntukIndonesia #NeruskePakdhe Prabowo Subianto'"
1668183942749626370,b'RT @golkarpedia: Nusron Wahid Soal Golkar Ingin Galang Koalisi Besar: Usung Airlangga Hartarto Dan Prabowo Subianto\n#airlanggahartarto #air\xe2\x80\xa6'
1668183602981670913,"b'ini nih, berbagai macam kalangan masyarakat mengakui kehebatan Ganjar Pranowo https://t.co/wwdsML9Gfr'"
1668182649696059393,"b""RT @democrazymedia: Ingin Pemimpin Yang Berani, Putra Bung Tomo: 'Ganjar Pranowo Belum Pernah Bicara Keadilan dan Komitmen Antikorupsi'\nhtt\xe2\x80\xa6"""
1668184250817064960,"b'tetapi masih kisaran margin of error dengan Ganjar Pranowo,"" \n#SemuaDukungPrabowo\n#NeruskePakdhe'"
1668184014895853568,"b""RT @democrazymedia: Ingin Pemimpin Yang Berani, Putra Bung Tomo: 'Ganjar Pranowo Belum Pernah Bicara Keadilan dan Komitmen Antikorupsi'\nhtt\xe2\x80\xa6"""
1668184235952476161,b'RT @abwnews_: Abdullah Hehamahua Yakin Anies Baswedan Mampu Berantas Korupsi\n\nhttps://t.co/LTssVOpeT5'
1668182840935321601,b'RT @idtodayco: Survei LSN: Nyaris 100 Persen Pemilih Beragama Islam Dukung Anies Baswedan\nhttps://t.co/1xfIyZf1MV'
1668183705326882831,"b'Sementara Anies di posisi ketiga dengan 20,8%. ""Kemenangan Prabowo atas Ganjar lebih telak ketika head to head.\n #PrabowoUntukIndonesia #NeruskePakdhe \nPrabowo Subianto'"
1668184145863016449,"b'Urutan ketiga ada Anies Baswedan dengan elektabilitas sebesar 20,8 persen.\n#PrabowoUntukIndonesia #NeruskePakdhe Prabowo Subianto'"
1668183660967907329,"b'RT @unilubis: Ini media siapa ya? Ngambil konten wawancara saya dg Anies Baswedan, tapi bikin konklusi yang tidak akurat \xf0\x9f\xa4\xb7\xe2\x80\x8d\xe2\x99\x80\xef\xb8\x8f https://t.co/\xe2\x80\xa6'"
1668183728395530240,"b'Sementara Ganjar menang di satu teritori, Pulau Jawa. Kemenangan Prabowo atas Ganjar paling tinggi di teritori Sulawesi. Prabowo mencapai 76,2% dan Ganjar hanya memperoleh 22,6%. \n#PrabowoUntukIndonesia #NeruskePakdhe \nPrabowo Subianto'"
1668183573231468544,"b'RT @RstmBcl: Bagaimana ini Nasdem kader pada ngamuk, kelihatanya tak suka dg mengusung Pak Anies Baswedan\nKan udah nyata Pak @ganjarpranowo\xe2\x80\xa6'"
1668183738470264832,b'RT @RomitsuT: Putri Ariani dari kecil sudah dikagumi oleh Anies Baswedan loh mas Ganjar....selama ini kemane saja ? \nKetenaran Putri jangan\xe2\x80\xa6'
1668184015134953472,"b'RT @P3n99u94t: ANIES BASWEDAN, PEMILU BUKAN MENERUSKAN YANG KEMARIN TAPI MELEMPENGKAN TUJUAN REPUBLIK INDONESIA....\xe2\x80\xbc\xef\xb8\x8f\n\n#RakyatTolakPemiluTe\xe2\x80\xa6'"
1668184055672901632,"b'2. Indikator Politik\nHasil survei terbaru Lembaga survei Indikator Politik Indonesia menempatkan elektabilitas Prabowo Subianto berada di urutan pertama dengan 38,0 persen dalam simulasi tiga nama.\n#PrabowoUntukIndonesia #NeruskePakdhe Prabowo Subianto'"
1668184023884259330,"b'Dia menjelaskan dalam simulasi 12 nama, Prabowo unggul 32,5 persen dari Ganjar Pranowo dengan perolehan 28,4 persen, disusul Anies Baswedan 12,4 persen. #PrabowoUntukIndonesia #NeruskePakdhe Prabowo Subianto'"
1668183686632857600,b'Prabowo Subianto unggul atas Ganjar Pranowo jika Anies Baswedan gagal mendapatkan tiket maju sebagai calon presiden (capres) di Pilpres 2024. \n#PrabowoUntukIndonesia #NeruskePakdhe \nPrabowo Subianto'
1668183849669480449,"b'Anies Baswedan Jadi Presiden, Program Jokowi Dihilangkan? Anggota Koalisi Beri Jawaban Mengejutkan!  https://t.co/cHKmswRg5V'"
1668184136073498624,"b'Elektabilitas Capres di Jawa Timur dengan simulasi dua nama:\n1. Prabowo Subianto 48,2 persen.\n2. Ganjar Pranowo 38,5 persen. (mcr12/jpnn)\n#PrabowoUntukIndonesia #NeruskePakdhe Prabowo Subianto'"
1668184115584315394,b'Dalam hasil survei terbaru Lingkaran Survei Indonesia (LSI) Denny JA elektabilitas Prabowo Subianto unggul dari Ganjar Pranowo dan Anies Baswedan.\n#PrabowoUntukIndonesia #NeruskePakdhe Prabowo Subianto'
1668183631171563521,b'RT @MARQUEZ__93: Anies Baswedan Sudah Di Panggil Pak Presiden Oleh PKS.\nBetapa Bangga Anies Baswedan Di Panggil Presiden Hingga Berdiri.\n\nR\xe2\x80\xa6'
1668184240457125889,"b'RT @BelengBeleng687: @P3n99u94t Teplek plek! Sama2 tidak bertanggung jawab.\n\nJadikan Jokowi Sebagai Mentor, Ganjar Pranowo: Pemimpin Bernya\xe2\x80\xa6'"
1668183729322483712,"b'RT @geloraco: Sudah Terang-terangan, Anies Baswedan Tidak Akan Teruskan Program Presiden Jokowi?\nhttps://t.co/UGNBsdxCrx'"
1668184056759218176,"b'1. Prabowo Subianto 32,5 persen.\n2. Ganjar Pranowo 28,4 persen.\n3. Anies Baswedan 12,4 persen.\n#PrabowoUntukIndonesia #NeruskePakdhe Prabowo Subianto'"
1668184133590458368,"b'Elektabilitas Capres di Jawa Timur dengan simulasi tiga nama:\n1.Prabowo Subianto 43,5 persen.\n2. Ganjar Pranowo 38,5 persen.\n3. Anies Baswedan 12,8 persen.\nTidak Tahu/Undecided 5,2 persen.\n#PrabowoUntukIndonesia #NeruskePakdhe Prabowo Subianto'"
1668183163443769344,b'RT @Yurissa_Samosir: Nyobain Joging Track 1.8 KM di Stadion JIS....karya anak bangsa yg keren sudah jelas kepemimpinannya Bapak Anies Baswe\xe2\x80\xa6'
1668184162942214144,b'RT @GeiszChalifah: Dia belum jadi Menteri belum jadi Gubernur. Bukan pejabat negara. 7 penghargaan Int dia raih. \nBerikan pembandingnya saj\xe2\x80\xa6'
1668184187273371648,b'Tingkat keterpilihan Prabowo tertinggi dibandingkan dengan tiga nama lain yang disodorkan Lembaga Fixpoll kepada 840 responden.\n#PrabowoUntukIndonesia #NeruskePakdhe Prabowo Subianto'
1668183602629341185,"b'Kemudian, elektabilitas Ganjar Pranowo unggul mutlak di dua provinsi yakni Jawa Tengah dengan raihan 58,6 persen dan Lampung sebanyak 40,2 persen. #PrabowoUntukIndonesia #NeruskePakdhe Prabowo Subianto'"
1668183759278178307,"b'RT @Miduk17: Ibu Lily, adalah gambaran dari kebanyakan RAKYAT\n\nIngin bertemu idolanya, lalu MENEROBOS kerumunan hingga akhirnya bertemu dip\xe2\x80\xa6'"
1668182719870935040,b'RT @sutanmangara: Anies Baswedan Lagi Nih.... https://t.co/tZfSG0CHZp'
1668182643509448705,"b'RT @harianganjar: Ini sungguh luar biasa, semoga tuhan yang maha esa memberkati Ganjar Pranowo sebagai Capres pemenang di Pilpres 2024. htt\xe2\x80\xa6'"
1668184185759236096,"b'RT @LaingenLisa: Ada momen yg sangat spesial saat Ganjar Pranowo datang ke Medan, dgn bahasa isyarat Lory Tarigan ungkapkan rasa bangga dan\xe2\x80\xa6'"
1668184056759218176,"b'1. Prabowo Subianto 32,5 persen.\n2. Ganjar Pranowo 28,4 persen.\n3. Anies Baswedan 12,4 persen.\n#PrabowoUntukIndonesia #NeruskePakdhe Prabowo Subianto'"
1668182910099427328,"b'RT @ch_chotimah2: Udah Macam Paket Lengkap, Ganjar Pranowo Dinilai Serupa Jokowi: Tuan Mereka Rakyat, Jabatan Hanya Mandat.\n\nMenangkan Ganj\xe2\x80\xa6'"
1668182802641330179,"b'RT @Dennysiregar7: Sudah, sudah jangan berantem. Siapapun yang dipilih silahkan, bebas aja.\n\nKalo gak Ganjar, ya Pranowo.. https://t.co/FJE\xe2\x80\xa6'"
1668182663839252480,b'RT @harianganjar: Presiden Jokowi Adalah Mentor Ganjar Pranowo \xf0\x9f\x87\xae\xf0\x9f\x87\xa9\xf0\x9f\xa4\x9f\xf0\x9f\x94\xa5 https://t.co/ryigB0Ulzy'
1668183655771160578,b'Survei LSN ini dilakukan terhadap 1.420 responden dengan teknik pengambilan sampel secara acak sistematis. #PrabowoUntukIndonesia #NeruskePakdhe Prabowo Subianto'
1668182550978908160,b'RT @harianganjar: Presiden Jokowi Adalah Mentor Ganjar Pranowo \xf0\x9f\x87\xae\xf0\x9f\x87\xa9\xf0\x9f\xa4\x9f\xf0\x9f\x94\xa5 https://t.co/ryigB0Ulzy'
1668183339839426560,b'RT @abwnews_: Abdullah Hehamahua Yakin Anies Baswedan Mampu Berantas Korupsi\n\nhttps://t.co/LTssVOpeT5'
1668184089118265344,"b'Menurut Burhanuddin, tren naiknya elektabilitas Prabowo didorong oleh tingkat kepuasan terhadap kinerja Presiden Joko Widodo atau Jokowi yang tinggi\n#PrabowoUntukIndonesia #NeruskePakdhe Prabowo Subianto'"
1668184133837934592,"b'Survei yang digelar LSI Denny JA juga mengungkapkan, untuk pertama kalinya elektabilitas Ganjar Pranowo mengalami penurunan dalam satu tahun.\n#PrabowoUntukIndonesia #NeruskePakdhe Prabowo Subianto'"
1668183342511185920,"b'RT @tvOneNews: Bukan Anies Baswedan, Justru Prabowo Subianto Sosok yang Cocok Jadi Presiden kata Fahri Hamzah, Gegara Ini.. https://t.co/QV\xe2\x80\xa6'"
1668183193051340800,b'RT @geloraco: PKS Kota Bogor All Out Menangkan Anies Baswedan di Pilpres 2024\nhttps://t.co/f4zrveBawV'
1668182813433290753,b'RT @aniesindo: https://t.co/LLaeR1L3py https://t.co/dp3SoIWyP2'
1668182869699878913,b'RT @__RismaWidiono_: Ini Alasan PPP Prioritaskan Usung Ganjar Pranowo Jadi Capres 2024\n\n@ganjarpranowo \n#SababatGanjar https://t.co/OICtwiu\xe2\x80\xa6'
1668183815934861312,b'RT @HmfaqihA: Sejak kapan Anies Baswedan diangkat jadi Presiden RI ?\nPKS panggil Anies Baswedan dgn sebutan Presiden Republik Indonesia.\nAp\xe2\x80\xa6'
1668182693190967297,"b'RT @harianganjar: Ayooo!! Semuanya haru segera bergerak, rapatkan barisan menyapa akar rumput dengan sosialisasi yang santun buat menangkan\xe2\x80\xa6'"
1668184136073498624,"b'Elektabilitas Capres di Jawa Timur dengan simulasi dua nama:\n1. Prabowo Subianto 48,2 persen.\n2. Ganjar Pranowo 38,5 persen. (mcr12/jpnn)\n#PrabowoUntukIndonesia #NeruskePakdhe Prabowo Subianto'"
1668184128821547015,"b'Di pemilih Islam, Prabowo elektabilitasnya mencapai 51,8% dan Ganjar 43,0%. \n#PrabowoUntukIndonesia #NeruskePakdhe \nPrabowo Subianto'"
1668183719725907968,"b'Prabowo juga menang di segmen pendidikan tamat SD ke bawah dan pendidikan tamat D3 ke atas, sementara Ganjar menang di segmen pendidikan tamat SMP dan SMA sederajat. \n#PrabowoUntukIndonesia #NeruskePakdhe \nPrabowo Subianto'"
1668182733909282816,b'Ganjar Pranowo sosok Pemimpin yg Paling Ideal Melanjutkan Kesuksesan Pembangunan Pak Jokowi. Ayo bersama dukung Ganjar untuk Pimpin Negeri ini #GanjarCapres #GanjarPranowo2024 #GanjarUntukIndonesia https://t.co/EFQv0FgiIE'
1668183724067020800,"b'RT @Yurissa_Samosir: Putri Ariani Menyanyikan Lagu ""INDONESIA RAYA "" Bersama  Bapak Anies Baswedan dan AHY di Acara Milad PKS https://t.co/\xe2\x80\xa6'"
1668183550947127296,"b'Disusul, capres dari Koalisi Perubahan, Anies Baswedan, dengan elektabilitas sebesar 12,8 persen. #PrabowoUntukIndonesia #NeruskePakdhe Prabowo Subianto'"
1668184051239514113,"b'Metode penarikan sampel dilakukan dengan multistage random sampling dengan margin of error sebesar 3,1 persen dan tingkat kepercayaan 95 persen. #PrabowoUntukIndonesia #NeruskePakdhe Prabowo Subianto'"
1668183726306775040,"b'Ade mengungkapkan dari hasil survei LSI Denny JA, Prabowo menang di lima teritori yakni Sumatera, Sulawesi, Kalimantan, Bali-NTB-NTT, Maluku-Papua. \n#PrabowoUntukIndonesia #NeruskePakdhe \nPrabowo Subianto'"
1668184021954883584,"b'""Elektabilitas Prabowo di Jatim masih tinggi. Trenya mengalami kenaikan dan meninggalkan calon lainnya,"" kata Peneliti SRS Fishya Amina Elvin, Minggu (4/6). #PrabowoUntukIndonesia #NeruskePakdhe Prabowo Subianto'"
1668184118843314181,b'RT @inilahdotcom: Tersebar video yang menayangkan pertemuan bakal calon presiden (bacapres) PDIP Ganjar Pranowo dengan sejumlah pengusaha J\xe2\x80\xa6'
1668183696187478016,"b'Sementara yang menyatakan tidak tahu/tidak jawab sebesar 6,4%.Prabowo Subianto 50,4%, Ganjar Pranowo 43,2%"". \n#PrabowoUntukIndonesia #NeruskePakdhe \nPrabowo Subianto'"
1668184061058363399,"b'Kemudian disusul Ganjar Pranowo 34,2 persen dan Anies Baswedan 18,9 persen.\n#PrabowoUntukIndonesia #NeruskePakdhe Prabowo Subianto'"
1668182903908601856,"b'RT @triwul82: Ganjar Pranowo mengunjungi pondok pesantren al Kautsar\nal Akbar, Medan.\nPada kesempatan itu Ganjar dipakaikan kain Raja\nUlos\xe2\x80\xa6'"
1668183629758103552,"b'Sementara itu, Provinsi Jawa Timur secara metodologi sulit untuk disimpulkan siapa yang teratas, #PrabowoUntukIndonesia #NeruskePakdhe Prabowo Subianto'"
1668183725107191810,b'RT @Mdy_Asmara1701: Masih belum malu?\n\nPemain Bali United Bangga dan Senang Bisa Bermain di Stadion JIS\nhttps://t.co/ObRE0a7WwZ\n\nHasil IYC\xe2\x80\xa6'
1668183459716829185,"b'Sementara, Ganjar Pranowo yang didukung PDIP, PPP, Perindo, dan Hanura, harus kerja keras mengimbangi Prabowo.\n#PrabowoUntukIndonesia #NeruskePakdhe Prabowo Subianto'"
1668183700721524737,b'Ade menjelaskan ada kenaikan selisih suara jika Prabowo hanya berhadap-hadapan dengan Ganjar dibanding ketika Anies Baswedan ikut bertarung. \n#PrabowoUntukIndonesia #NeruskePakdhe \nPrabowo Subianto'
1668184038434304000,"b'Fishya menyebut saat responden disodorkan capres teratas, nama Prabowo masih unggul. #PrabowoUntukIndonesia #NeruskePakdhe Prabowo Subianto'"
1668184102019936256,b'Jalan bagus ekonomi pasti meningkat \n\nGanjar Pranowo | Luna | Bawah | #Coldplay | Inter Milan | KING IS BACK | Ligue 1 | Kemiri | Tertarik https://t.co/liKYbFzVKf'
1668184061058363399,"b'Kemudian disusul Ganjar Pranowo 34,2 persen dan Anies Baswedan 18,9 persen.\n#PrabowoUntukIndonesia #NeruskePakdhe Prabowo Subianto'"
1668182533664825349,"b'RT @harianganjar: Ini sungguh luar biasa, semoga tuhan yang maha esa memberkati Ganjar Pranowo sebagai Capres pemenang di Pilpres 2024. htt\xe2\x80\xa6'"
1668184060370497538,"b'7. Mahfud MD 2,8 persen.\n8. Sandiaga Uno 2,7 persen.\n9. Khofifah Indar Parawansa 2,2 persen.\n#PrabowoUntukIndonesia #NeruskePakdhe Prabowo Subianto'"
1668183431233298433,b'RT @KakekHalal: Seniman dan Artis Papan Atas Nasional Dukung Ganjar\n\nMeriah\xe2\x80\xa6 Kata itulah yang pantas menggambarkan acara pertemuan puluhan\xe2\x80\xa6'
1668183683227090945,"b'Survei Dua Capres LSI Denny JA: Prabowo Subianto 50,4%, Ganjar Pranowo 43,2%\n #PrabowoUntukIndonesia #NeruskePakdhe \nPrabowo Subianto https://t.co/rbUoP1q01V'"
1668184131669458946,"b'10. Airlangga Hartarto 2,1 persen.\n11. Moeldoko 1,9 persen.\n12. Muhaimin Iskandar 1,9 persen.\nTidak Tahu/Undecided 3,0 persen.\n#PrabowoUntukIndonesia #NeruskePakdhe Prabowo Subianto'"
1668182640493723648,"b'RT @RstmBcl: Bagaimana ini Nasdem kader pada ngamuk, kelihatanya tak suka dg mengusung Pak Anies Baswedan\nKan udah nyata Pak @ganjarpranowo\xe2\x80\xa6'"
1668184139479273475,"b'RT @LaingenLisa: ..., Lily yg mengenakan kaos berwarna putih &amp; berjilbab hitam itu berdiri di bawah panggung tempat Ganjar berpidato. Dan s\xe2\x80\xa6'"
1668183631003799553,"b""Wuiih...ada Ustadz Das'ad Latif di acara Anies Baswedan.\xf0\x9f\x98\x82\xf0\x9f\x91\x8d\xf0\x9f\x91\x8d https://t.co/vxmHDSK2QW"""
1668183751539707904,b'RT @golkarpedia: Duet Airlangga Hartarto Dan Anies Baswedan Bakal Jadi Lawan Berat Bagi Prabowo Dan Ganjar\n#airlanggahartarto #airlanggapem\xe2\x80\xa6'
1668183732598239237,b'Namun Prabowo sebenarnya juga menang di tiga provinsi dari lima provinsi terbesar di Indonesia. \n#PrabowoUntukIndonesia #NeruskePakdhe \nPrabowo Subianto'
1668184152200605707,"b'Sementara yang tidak menjawab sebesar 13,4 persen.\n#PrabowoUntukIndonesia #NeruskePakdhe Prabowo Subianto'"
1668182705815846914,"b'Sumatera Utara\nPrabowo Subianto: 50,0 persen\nGanjar Pranowo: 16,2 persen #PrabowoUntukIndonesia Prabowo Subianto'"
1668183396126973952,b'@ajengcute16__ Semua akan Ganjar Pranowo pada waktunya'
1668182882463154177,b'RT @inilahdotcom: Tersebar video yang menayangkan pertemuan bakal calon presiden (bacapres) PDIP Ganjar Pranowo dengan sejumlah pengusaha J\xe2\x80\xa6'
1668183696187478016,"b'Sementara yang menyatakan tidak tahu/tidak jawab sebesar 6,4%.Prabowo Subianto 50,4%, Ganjar Pranowo 43,2%"". \n#PrabowoUntukIndonesia #NeruskePakdhe \nPrabowo Subianto'"
1668183629401571328,"b'Kami pilih capres yang bijak dan tegas, yaitu Ganjar Pranowo https://t.co/QPlim8HMUw'"
1668183730421374976,"b'Sementara kemenangan Ganjar ada di Jawa secara umum. Di pulau ini, elektabilitas Ganjar sebesar 52,5% sedangkan Prabowo 43,4%. \n#PrabowoUntukIndonesia #NeruskePakdhe \nPrabowo Subianto'"
1668183000847368193,b'RT @KakekHalal: Seniman dan Artis Papan Atas Nasional Dukung Ganjar\n\nMeriah\xe2\x80\xa6 Kata itulah yang pantas menggambarkan acara pertemuan puluhan\xe2\x80\xa6'
1668183427622006784,"b'@putrafajar1945 @ganjarpranowo @aniesbaswedan Apapun ceritanya,  IQ, EQ, SQ Anies Baswedan itu lebih baik dari Ganjar, Ini adalah fakta. Makanya Ganjar dan groupnya termasuk Jokowi, jangan halangi kebaikan untuk bangsa ini. Bersama Anies Baswedan negara pasti lebih baik.'"
1668184049347870720,b'Survei SRS dilakukan pada 20-30 Mei 2023 di 38 kabupaten/kota Jawa Timur dengan jumlah responden sebanyak 1.000 orang yang terdistribusi secara proporsional. #PrabowoUntukIndonesia #NeruskePakdhe Prabowo Subianto'
1668184053114363904,b'Responden yang dipilih terdiri 50 persen laki-laki dan 50 persen perempuan dengan quality control secara random 20 persen. #PrabowoUntukIndonesia #NeruskePakdhe Prabowo Subianto'
1668184240822030336,"b'RT @Dennysiregar7: Sudah, sudah jangan berantem. Siapapun yang dipilih silahkan, bebas aja.\n\nKalo gak Ganjar, ya Pranowo.. https://t.co/FJE\xe2\x80\xa6'"
1668182571887501312,"b'RT @harianganjar: Ayooo!! Semuanya haru segera bergerak, rapatkan barisan menyapa akar rumput dengan sosialisasi yang santun buat menangkan\xe2\x80\xa6'"
1668182804423929856,b'@narkosun Wasekjen PA 212 Novel Bamukmin Ngaku Bisa Saja Dukung Ganjar Pranowo: Asal Dia Tobat dari Nonton Bokep dan Tidak Ngadu Ayam'
1668183661165051904,b'Responden yang dijadikan sampel adalah yang punya hak pilih yakni berusia 17 tahun ke atas atau sudah memiliki KTP. #PrabowoUntukIndonesia #NeruskePakdhe Prabowo Subianto'
1668184192205856769,"b'Prabowo unggul atas Gubernur Jawa Tengah Ganjar Pranowo yang menempati urutan kedua dengan perolehan 30,3 persen yang disusul Mantan Gubernur DKI Jakarta dengan suara 10,5 persen.\n#PrabowoUntukIndonesia #NeruskePakdhe Prabowo Subianto'"
1668184134127321088,"b'Margin of error survei ini sebesar 2,9%.Selain survei dengan metode kuantitatif, \n#PrabowoUntukIndonesia #NeruskePakdhe \nPrabowo Subianto'"
1668183920092012544,"b'""Dukungan untuk Ganjar Pranowo semakin kuat untuk membangun Indonesia lebih baik""\n\n#JENNIE #idolyfepanaroma \nEXO BENERAN COMEBACK Bawah Luna Aurel https://t.co/8LersjRHaH'"
1668184203786354689,b'Lembaga Fixpoll Research and Strategic merilis hasil survei yang dilakukan pada 9 hingga 16 Mei 2023.\n#PrabowoUntukIndonesia #NeruskePakdhe Prabowo Subianto'
1668182944811458560,"b'Dalam Haul Bung Karno Teman Ganjar membentuk Tim Hukum utk mengantisipasi Kampanye Negatif, Hoax, Fitnah &amp; Kejahatan Pilpres lainnya. Tim Lawyer membantu semua organ2 Relawan GP\nGanjar Pranowo: Menggalang, Bertempur-Menang!!\n#TemanGanjar\n@Rinto_Pao @Nirmala_0106 \n@tjhinfar @Uki23 https://t.co/zLyqoSCXRP'"
1668182561426935808,"b'RT @harianganjar: Dukungan makin banyak, relawan bertumbuh bak jamur. Semoga ini pertanda awal menangnya Ganjar Pranowo di Pilpres 2024. ht\xe2\x80\xa6'"
1668183688725819392,"b'Hal ini terpotret dari hasil survei terbaru LSI Denny JA yang dirilis, Senin (5/6/2023). \n#PrabowoUntukIndonesia #NeruskePakdhe \nPrabowo Subianto'"
1668183717301587968,"b'Di segmen ini, Prabowo elektabilitasnya mencapai 51,4%, adapun Ganjar hanya 41,4%. \n#PrabowoUntukIndonesia #NeruskePakdhe \nPrabowo Subianto'"
1668183790148268033,b'RT @Urrangawak: Alasan utama kita jadi pendukung Pak Ganjar pranowo adalah beliau tegas menolak kelompok penggadai ideologi negeri ini..\n\nT\xe2\x80\xa6'
1668183143860551681,b'RT @BennyHarmanID: Apa Pesan penting dari foto pertemuan Sekjend dari dua partai besar ini? Pesannya clean and clear bahwa keduanya berbeda\xe2\x80\xa6'
1668184033015259136,"b'Ganjar Pranowo 38,5 persen, dan Anies Baswedan 12,8 persen, sedangkan 5,2 persennya belum menentukan pilihan. #PrabowoUntukIndonesia #NeruskePakdhe Prabowo Subianto'"
1668183067918483456,"b'RT @HidayatNatari: Atang;\n""Insya Allah target kami di Pilpres 2024 ini 80 persen untuk Pak Anies Baswedan. Mudah-mudahan ini bisa tercapai\xe2\x80\xa6'"
1668182697964105728,b'RT @Tan_Mar3M: Nah gitu dong?. Uu IKN bisa dibatalkan lewat perppu.\n\nWong putusan MK saja tak mengikat di rezim sontoloyo sekarang. https:/\xe2\x80\xa6'
1668183317890625539,b'RT @RurouniKingtuk: @aniesbaswedan  kembali difitnah oleh Neo PKI .\nGaya mereka tak berbeda dg moyang mereka. \n\nSebuah berkas diklaim sebag\xe2\x80\xa6'
1668183423423479811,"b'RT @misterdetektif: Bila Demokrat beralih mendukung Ganjar Pranowo persentase kemenangan tentu lebih besar, meski AHY tidak jadi Wapres, ke\xe2\x80\xa6'"
1668184095036416000,"b'Di masa akhir pemerintahannya, di mana Prabowo adalah Menteri Pertahanan di kabinet Jokowi.\n#PrabowoUntukIndonesia #NeruskePakdhe Prabowo Subianto'"
1668184036668485633,"b'Sementara itu, 12,5 persen responden tidak memilih. #PrabowoUntukIndonesia #NeruskePakdhe Prabowo Subianto'"
1668184132273455106,"b'Untuk diketahui, LSI Denny JA melakukan survei tatap muka (face to face interview) dengan menggunakan kuesioner kepada 1.200 responden di seluruh Indonesia pada 3-14 Mei 2023. \n#PrabowoUntukIndonesia #NeruskePakdhe \nPrabowo Subianto'"
1668183683227090945,"b'Survei Dua Capres LSI Denny JA: Prabowo Subianto 50,4%, Ganjar Pranowo 43,2%\n #PrabowoUntukIndonesia #NeruskePakdhe \nPrabowo Subianto https://t.co/rbUoP1q01V'"
1668184139936464897,b'RT @JamalBoegis: Alumni ITB Dukung @aniesbaswedan Sebagai Presiden RI 2024. https://t.co/6nHl4WmJxQ'
1668184025717166080,"b'Adapun sembilan nama lainnya, yakni Ridwan Kamil, Agus Harimurti Yudhoyono, Erick Thohir, Mahfud MD, Sandiaga Uno, #PrabowoUntukIndonesia #NeruskePakdhe Prabowo Subianto'"
1668184198728028160,b'Sementara Menteri Koordinator Bidang Perekonomian Airlangga Hartarto mengisi posisi paling bawah dengan tiga persen dukungan.\n#PrabowoUntukIndonesia #NeruskePakdhe Prabowo Subianto'
1668184029424939013,"b'""Dalam simulasi 12 nama ini, sebanyak 3 persen responden belum menentukan pilihan. #PrabowoUntukIndonesia #NeruskePakdhe Prabowo Subianto'"
1668183442163638275,"b'Sungguh di luar dugaan, kini Prabowo meninggali dua kandidat bacapres lainnya seperti Ganjar Pranowo dan Anies Baswedan.\n#PrabowoUntukIndonesia #NeruskePakdhe Prabowo Subianto'"
1668183640281587712,"b'""Sebanyak 41,2 persen responden mengaku akan memilih Prabowo, #PrabowoUntukIndonesia #NeruskePakdhe Prabowo Subianto'"
1668182512013836288,"b'RT @Dennysiregar7: Sudah, sudah jangan berantem. Siapapun yang dipilih silahkan, bebas aja.\n\nKalo gak Ganjar, ya Pranowo.. https://t.co/FJE\xe2\x80\xa6'"
1668183833349607426,"b'RT @GeiszChalifah: Lagi - lagi gagasan, Anies Baswedan selalunya menaikan level agar pilpres meniadi kontestasi pikiran. \n\nhttps://t.co/ZO9\xe2\x80\xa6'"
1668182509576949761,"b'RT @ch_chotimah2: Udah Macam Paket Lengkap, Ganjar Pranowo Dinilai Serupa Jokowi: Tuan Mereka Rakyat, Jabatan Hanya Mandat.\n\nMenangkan Ganj\xe2\x80\xa6'"
1668182897608777728,b'RT @Dennysiregar7: Lah kok melupakan kawan ?\n\nCokroTV itu saluran bebas beropini aja. Berbeda pendapat sampe berantem juga pernah disana. T\xe2\x80\xa6'
1668183407342555136,b'RT @abwnews_: Abdullah Hehamahua Yakin Anies Baswedan Mampu Berantas Korupsi\n\nhttps://t.co/LTssVOpeT5'
1668182613587279872,"b'@RstmBcl @ganjarpranowo Artis top dan berpengaruh berkumpul untuk dukung Ganjar Pranowo, top dah pokoknya. Semoga dukungannya semakin besar, banyak, bersatu dan bertumbuh serta berkembang.\n#ganjarmenangtotal'"
1668184130646048768,"b'Di segmen non-Islam, elektabilitas Ganjar mencapai 47,5%, Prabowo 26,4%,"" papar Ade. \n#PrabowoUntukIndonesia #NeruskePakdhe \nPrabowo Subianto'"
1668184047577862144,"b'Sebaliknya, Prabowo makin memperoleh simpati dari publik karena kinerjanya sebagai Menhan yang baik,"" ucapnya. #PrabowoUntukIndonesia #NeruskePakdhe Prabowo Subianto'"
1668182731250106369,b'RT @democrazymedia: \xe2\x80\x9cMister President\xe2\x80\x9d Sebutan Anies Baswedan Sejak Kuliah\nhttps://t.co/G98tgyFZIs'
1668183839959846915,b'RT @raisshaanjani: Head to Head Capres 2024 Versi Survei Indikator: Prabowo Subianto Unggul \n#PrabowoUntukIndonesia #NeruskePakdhe \nPrabowo\xe2\x80\xa6'
1668184158689185792,b'RT @OposisiCerdas: Survei LSN: Nyaris 100 Persen Pemilih Beragama Islam Dukung Anies Baswedan https://t.co/szdzpnTufc'
1668184206625878017,b'RT @KalaHitam777: Pemilu Tertutup merampas hak demokrasi rakyat dan menutup anak bangsa berbakat dan punya hati nurani thdp nasib bangsanya\xe2\x80\xa6'
1668184043790401536,"b'Dia menjelaskan faktor yang membuat elektabilitas Prabowo di Jatim menguat, yaitu sentimen publik yang sangat positif. #PrabowoUntukIndonesia #NeruskePakdhe Prabowo Subianto'"
1668184060865421312,"b'RT @AnggaPutraF: Indonesia Dsrurat Krisis Iklim. ide dan gagasan dari Anies Baswedan. Bu Fery sudah menulis, Pak Anies menulis. Silakan dia\xe2\x80\xa6'"
1668183581649440769,"b'Kemudian 32,8 persen responden memilih Ganjar Pranowo, dan 21,9 persen responden memilih Anies Baswedan. #PrabowoUntukIndonesia #NeruskePakdhe Prabowo Subianto'"
1668183821441957888,b'RT @MichelAdam7__: Anies Baswedan mantap kali.\n\nAnies adalah perpaduan 5 presiden: \nSukarno: orator.\nSuharto: perfeksionis. \nHabibi: cerdas\xe2\x80\xa6'
1668184058562768896,"b'4. Ridwan Kamil 4,1 persen.\n5. Agus Harimurti Yudhoyono 3,1 persen.\n6. Erick Thohir 2,9 persen.\n#PrabowoUntukIndonesia #NeruskePakdhe Prabowo Subianto'"
1668183497931124739,"b'RT @hc_poirot: ""Anies Baswedan adalah putra terbaik Indonesia. Mengapa rezim memusuhinya?"" tanya Musni Umar\n\nhttps://t.co/Ha0ht5BmaM'"
