username,pesan
@Aroem_Aryo,Prabowo itu Seperti Sungai Besar
@condro84,"Halloo 
@TravelioSupport
 kejelasan apart kami gimana nih , saya menginap di semarang di apart candiland atas nama Heru Nasrudin ( Heo )tetapi gk ada kejelasan sampe sekarang gk bisa di hub mohon kejelasan nya 

Cc
@sandiuno
 
@Kemenparekraf"
@98garislurus,"Apa gue Kate... PDIP akan berada di persimpangan jalan kalau mengusung Gub. JaTeng.

PDIP usung Prabowo aja, di adu dgn Anies. Pilpresnya cukup satu putaran. Biaya Murah."
@dewisymrah_,"Prabowo beli jet tempur bekas Qatar, levelnya udah di atas langit! #KoalisiKebangsaan #dekade08 #mendingprabowo #terusmajubersamaprabowo #pemilu2024"
@Asmat19125444,"Loyal ada maunya ,Tetap Ganjar pranowo ,gue Muak di belakang prabowo Ada Buntelan kentut yg selalu nyinyir sama pak Jokowi.
Masih ingat gak sama pantun dia"
@PasundanJunior,"Kalo ada penghargaan bertajuk politikus bunglon termunafik, Prabowo pasti juara!"
@mindfreaaak,hidup sprti prabowo
@Aroem_Aryo,"Adik kandung Prabowo, Hashim Djojohadikusumo, mengatakan bahwa istri Prabowo itu namanya Pertiwi, ""Ibu Pertiwi, negara ini"" sebagai gambaran bagaimana cinta Prabowo kepada Republik Indonesia. #PesanPrabowo #UntukAnakIndonesia #PrabowoNeruskePakdhe #PrabowoNjagaKerukunan"
@Lembayung071,"Baik trimakasih dan maaf itu salah referensi, trimakasih sudah diingatkan "
@bantdip,"Lu pada tolol yang dukung anies,prabowo,ganjar,jokowi dan partai partai sampe segitunya. Mereka aja dateng ke lu pada pas mau pemilu doang, mereka aja gaakan peduli lu mau mati kesengat lebah kek atau apalah. Lupada di sosmed saling hina, saling menjatuhkan"
@Aroem_Aryo,"Filosofi hidup ini dihayati oleh Prabowo bukan baru sekarang kita dia berada di dalam pemerintahan, sudah sejak belia jadi pandangan hidupnya. #PesanPrabowo #UntukAnakIndonesia #PrabowoNeruskePakdhe #PrabowoNjagaKerukunan"
@Aroem_Aryo,"Sosok Prabowo Subianto itu seperti bengawan, yang mengalir hingga ke laut dan menghidupkan setiap makhluk yang dilaluinya. #PesanPrabowo #UntukAnakIndonesia #PrabowoNeruskePakdhe #PrabowoNjagaKerukunan"
@bolonhuta1,"di wa grup naposo simbolon. yg di bahas pak prabowo dari kemaren
kayak nya kaum milenial(naposo) emng melihat ps kandidat yg relevan.deh,mantab"
@haesuuuo,Hastag #nabilataqiyyah knpa isinyan prabowo semua yak
@Aroem_Aryo,Obsesi Prabowo itu adalah menghadirkan kesejahteraan bagi seluruh rakyat Indonesia. #PesanPrabowo #UntukAnakIndonesia #PrabowoNeruskePakdhe #PrabowoNjagaKerukunan
